instID,church_type,instName,language,instNote,placeName,region,county_orig,county_reg,city_orig,city_reg,state_orig,state_reg,latitude,longitude,attendingInstID,attendingChurch,attendingChurchFrequency,persID,persTitle,persName,persSuffix,persRole,persNote,memberType,member,affiliated,order,year,attendingPersID,attendingChurchNote,diocese,diocese_reg
﻿new.nj.0001,﻿cathedral,﻿St. Patrick's Cathedral,English,﻿Parochial school connected; conference of the St. Vincent de Paul Society; two sodalities of the Blessed Virgin,,,,﻿Essex County,﻿Newark,﻿Newark,﻿NJ,,40.742097,-74.172314,,,,﻿jam_r_bayley_001,﻿Rt. Rev.,﻿James Roosevelt Bayley,﻿D.D.,,,,,,,1868,﻿,﻿,﻿Newark,Newark
﻿new.nj.0001,﻿cathedral,﻿St. Patrick's Cathedral,English,﻿Parochial school connected; conference of the St. Vincent de Paul Society; two sodalities of the Blessed Virgin,,,,﻿Essex County,﻿Newark,﻿Newark,﻿NJ,,40.742097,-74.172314,,,,,﻿Rev.,﻿George H. Doane,,,,,,,,1868,﻿,﻿,﻿Newark,Newark
﻿new.nj.0001,﻿cathedral,﻿St. Patrick's Cathedral,English,﻿Parochial school connected; conference of the St. Vincent de Paul Society; two sodalities of the Blessed Virgin,,,,﻿Essex County,﻿Newark,﻿Newark,﻿NJ,,40.742097,-74.172314,,,,﻿w_m_wigger_001,﻿Rev.,﻿Winand M. Wigger,,,,,,,,1868,﻿,﻿,﻿Newark,Newark
﻿new.nj.0001,﻿cathedral,﻿St. Patrick's Cathedral,English,﻿Parochial school connected; conference of the St. Vincent de Paul Society; two sodalities of the Blessed Virgin,,,,﻿Essex County,﻿Newark,﻿Newark,﻿NJ,,40.742097,-74.172314,,,,,﻿Rev.,﻿Charles A. Reilly,,,,,,,,1868,﻿,﻿,﻿Newark,Newark
﻿new.nj.0003,﻿church,﻿St. John's,English,﻿Parochial school connected; conference of the St. Vincent de Paul Society,,,,﻿Essex County,﻿Newark,﻿Newark,﻿NJ,,40.738052,-74.165907,,,,,﻿Rev.,﻿Thomas M. Killeen,,,,,,,,1868,﻿,﻿,﻿Newark,Newark
﻿new.nj.0003,﻿church,﻿St. John's,English,﻿Parochial school connected; conference of the St. Vincent de Paul Society,,,,﻿Essex County,﻿Newark,﻿Newark,﻿NJ,,40.738052,-74.165907,,,,,﻿Rev.,﻿Joseph Roldano,,,,,,,,1868,﻿,﻿,﻿Newark,Newark
﻿new.nj.0004,﻿church,﻿St. Mary's,﻿German,﻿Parochial school connected,,,,﻿Essex County,﻿Newark,﻿Newark,﻿NJ,,40.747065,-74.232974,,,,,﻿Rev.,﻿Romanus Hill,﻿O.S.B.,,,,,,,1868,﻿,﻿,﻿Newark,Newark
﻿new.nj.0004,﻿church,﻿St. Mary's,﻿German,﻿Parochial school connected,,,,﻿Essex County,﻿Newark,﻿Newark,﻿NJ,,40.747065,-74.232974,,,,,﻿Rev.,﻿Bruno Reiss,﻿O.S.B.,,,,,,,1868,﻿,﻿,﻿Newark,Newark
﻿new.nj.0004,﻿church,﻿St. Mary's,﻿German,﻿Parochial school connected,,,,﻿Essex County,﻿Newark,﻿Newark,﻿NJ,,40.747065,-74.232974,,,,,﻿Rev.,﻿Bernardine Dolweck,﻿O.S.B.,,,,,,,1868,﻿,﻿,﻿Newark,Newark
﻿new.nj.0004,﻿church,﻿St. Mary's,﻿German,﻿Parochial school connected,,,,﻿Essex County,﻿Newark,﻿Newark,﻿NJ,,40.747065,-74.232974,,,,,﻿Rev.,﻿William Walter,﻿O.S.B.,,,,,,,1868,﻿,﻿,﻿Newark,Newark
﻿new.nj.0005,﻿church,﻿St. James',English,﻿Parochial school connected; conference of the St. Vincent de Paul Society,,,,﻿Essex County,﻿Newark,﻿Newark,﻿NJ,,40.728521,-74.162178,,,,,﻿Rev.,﻿J. M. Gervais,,,,,,,,1868,﻿,﻿,﻿Newark,Newark
﻿new.nj.0005,﻿church,﻿St. James',English,﻿Parochial school connected; conference of the St. Vincent de Paul Society,,,,﻿Essex County,﻿Newark,﻿Newark,﻿NJ,,40.728521,-74.162178,,,,,﻿Rev.,﻿E. O'Keefe,,,,,,,,1868,﻿,﻿,﻿Newark,Newark
﻿new.nj.0006,﻿church,﻿St. Peter's,﻿German,﻿Parochial school connected,,,,﻿Essex County,﻿Newark,﻿Newark,﻿NJ,,40.739737,-74.201741,,,,,﻿Rev.,﻿Godfried Preith,,,,,,,,1868,﻿,﻿,﻿Newark,Newark
﻿new.nj.0007,﻿church,﻿St. Joseph's,English,﻿Parochial school connected,,,,﻿Essex County,﻿Newark,﻿Newark,﻿NJ,,40.735657,-74.172367,,,,,﻿Rev.,﻿James F. Dalton,,,,,,,,1868,﻿,﻿,﻿Newark,Newark
﻿new.nj.0008,﻿church,﻿St. Benedict's,﻿German,,,,,﻿Essex County,﻿Newark,﻿Newark,﻿NJ,,40.735515,-74.178938,﻿new.nj.0004,﻿Served by the Benedictines from St. Mary's,,,,,,,,,,,,1868,﻿,﻿,﻿Newark,Newark
﻿new.nj.0009,﻿school,﻿St. Pius' School-house,English,,﻿East Newark,,,﻿Essex County,﻿Newark,﻿Newark,﻿NJ,,40.749702,-74.163631,,,,,,,,,,,,,,1868,﻿,﻿,﻿Newark,Newark
﻿new.nj.0010,﻿church,﻿St. Nicholas of Tolentino,English,,,,﻿Atlantic County,,﻿Absecom,﻿Absecom,﻿NJ,,39.42845,-74.495708,﻿phi.pa.0088_03,﻿Attended by the Augustinians from Philadelphia,,,,,,,,,,,,1868,﻿,﻿,﻿Newark,Newark
﻿new.nj.0011,﻿church,not recorded,English,,,,﻿Sussex County,,﻿Andover,﻿Andover,﻿NJ,,40.985931,-74.742109,﻿new.nj.0070,﻿Attended from Newton,,,,,,,,,,,,1868,﻿,﻿,﻿Newark,Newark
﻿new.nj.0012,﻿church,﻿St. James',English,,,,﻿Somerset County,,﻿Baskingridge,﻿Basking Ridge,﻿NJ,,40.706617,-74.549328,﻿new.nj.0063,﻿Attended from Morristown,,,,,,,,,,,,1868,﻿,﻿,﻿Newark,Newark
﻿new.nj.0013,﻿church,﻿St. Peter's,English,﻿Parochial school connected,,,﻿Essex County,,﻿Belleville,﻿Belleville,﻿NJ,,40.793674,-74.150047,,,,,﻿Rev.,﻿Hubert De Burgh,,,,,,,,1868,﻿,﻿,﻿Newark,Newark
﻿new.nj.0014,﻿church,not recorded,English,,,,﻿Warren County,,﻿Belvidere,﻿Belvidere,﻿NJ,,40.82982,-75.077675,﻿new.nj.0080,﻿Attended from Phillipsburgh,,,,,,,,,,,,1868,﻿,﻿,﻿Newark,Newark
﻿new.nj.0015,﻿church,﻿St. Mary's (Stella Maris),English,﻿Parochial school connected,,,﻿Bergen County,,﻿Bergen Point,﻿Bayonne,﻿NJ,,40.668714,-74.114309,,,,,﻿Rev.,﻿F. Niederhauser,,,,,,,,1868,﻿,﻿,﻿Newark,Newark
﻿new.nj.0016,﻿church,﻿St. Joseph's,English,,,,﻿Burlington County,,﻿Beverly,﻿Beverly,﻿NJ,,40.064833,-74.923223,﻿new.nj.0021,﻿Attended from Burlington,,,,,,,,,,,,1868,﻿,﻿,﻿Newark,Newark
﻿new.nj.0017,﻿church,﻿Our Lady of Mount Carmel,English,﻿Parochial school connected,,,﻿Morris County,,﻿Boonton,﻿Boonton,﻿NJ,,40.907691,-74.413962,,,,,﻿Rev.,﻿D. C. Castet,,,,,,,,1868,﻿,﻿,﻿Newark,Newark
﻿new.nj.0018,﻿church,﻿St. Mary's,English,﻿Parochial school connected,,,﻿Burlington County,,﻿Bordentown,﻿Bordentown,﻿NJ,,40.141508,-74.697984,,,,,﻿Rev.,﻿John P. Mackin,,,,,,,,1868,﻿,﻿,﻿Newark,Newark
﻿new.nj.0019,﻿church,﻿St. Joseph's,English,,,,﻿Somerset County,,﻿Bound Brook,﻿Bound Brook,﻿NJ,,40.568436,-74.538489,,﻿Attended by the Benedictines from Newark,,,,,,,,,,,,1868,﻿,﻿,﻿Newark,Newark
﻿new.nj.0020,﻿church,﻿Immaculate Conception,English,,,,﻿Cumberland County,,﻿Bridgeton,﻿Bridgeton,﻿NJ,,39.427337,-75.234077,﻿new.nj.0064,﻿Attended from Millville,,,,,,,,,,,,1868,﻿,﻿,﻿Newark,Newark
﻿new.nj.0021,﻿church,﻿St. Paul's,English,﻿Parochial school connected,,,﻿Burlington County,,﻿Burlington,﻿Burlington,﻿NJ,,40.080134,-74.853906,,,,,﻿Rev.,﻿Joseph D. Bowles,,,,,,,,1868,﻿,﻿,﻿Newark,Newark
﻿new.nj.0022,﻿church,﻿Church of the Immaculate Conception,English,﻿Parochial school connected,,,﻿Camden County,,﻿Camden,﻿Camden,﻿NJ,,39.944882,-75.118557,,,,,﻿Rev.,﻿Patrick Byrnes,,,,,,,,1868,﻿,﻿,﻿Newark,Newark
﻿new.nj.0023,﻿church,﻿SS. Peter and Paul,﻿German,,,,﻿Camden County,,﻿Camden,﻿Camden,﻿NJ,,39.925946,-75.11962,,﻿Attended from Egg Harbor City,,,,,,,,,,,,1868,﻿,﻿,﻿Newark,Newark
﻿new.nj.0024,﻿church,"﻿St. Mary's, Star of the Sea",English,,,,﻿Cape May County,,﻿Cape Island,﻿Cape May,﻿NJ,,38.933344,-74.921928,﻿new.nj.0064,﻿Attended from Millville,,,,,,,,,,,,1868,﻿,﻿,﻿Newark,Newark
﻿new.nj.0025,﻿church,﻿St. Mary's,English,,,,﻿Hunterdon County,,﻿Clinton,﻿Clinton,﻿NJ,,40.636768,-74.90989,﻿new.nj.0069,﻿Attended from New-Hampton,,,,,,,,,,,,1868,﻿,﻿,﻿Newark,Newark
﻿new.nj.0026,﻿church,not recorded,English,,,,﻿Cape May County,,﻿Dennis Creek,﻿Dennis,﻿NJ,,39.195862,-74.81562,﻿new.nj.0064,﻿Attended from Millville,,,,,,,,,,,,1868,﻿,﻿,﻿Newark,Newark
﻿new.nj.0027,﻿church,﻿St. Mary's,English,﻿Parochial school connected,,,﻿Morris County,,﻿Dover,﻿Dover,﻿NJ,,40.947959,-74.552187,,,,,﻿Rev.,﻿B. A. Quinn,,,,,,,,1868,﻿,﻿,﻿Newark,Newark
﻿new.nj.0028,﻿church,﻿St. Cecilia,English,,,,﻿Hudson County,,﻿Englewood,﻿Englewood,﻿NJ,,40.892877,-73.972638,﻿new.nj.0033,﻿Attended from Fort Lee,,,,,,,,,,,,1868,﻿,﻿,﻿Newark,Newark
﻿new.nj.0029,﻿church,﻿St. Nicholas',English,﻿Parochial school connected,,,﻿Atlantic County,,﻿Egg Harbor City,﻿Egg Harbor City,﻿NJ,,39.528728,-74.647936,,,,﻿j_thurnes_001,﻿Rev.,﻿Joseph Thurnes,,,,,,,,1868,﻿,﻿,﻿Newark,Newark
﻿new.nj.0030,﻿church,﻿St. Mary's,English,﻿Parochial school connected,,,﻿Union County,,﻿Elizabeth,﻿Elizabeth,﻿NJ,,40.663992,-74.210701,,,,﻿mic_e_kane_001,﻿Rev.,﻿Michael Kane,,,,,,,,1868,﻿,﻿,﻿Newark,Newark
﻿new.nj.0031,﻿church,﻿St. Michael's,﻿German,﻿Parochial school connected,,,﻿Union County,,﻿Elizabeth,﻿Elizabeth,﻿NJ,,40.661206,-74.203219,,,,,﻿Rev.,﻿H. Lempke`,﻿O.S.B.,,,,,,,1868,﻿,﻿,﻿Newark,Newark
﻿new.nj.0032,﻿church,﻿St. Patrick's,English,﻿Parochial school connected,,,﻿Union County,,﻿Elizabeth,﻿Elizabeth,﻿NJ,,40.652315,-74.186709,,,,﻿p_hennessey_001,﻿Rev.,﻿Patrick Hennessy,,,,,,,,1868,﻿,﻿,﻿Newark,Newark
﻿new.nj.0142,﻿church,﻿St. Mary's,English,,,,﻿Gloucester County,,﻿Fellowship,,﻿NJ,,40.743073,-74.186102,,﻿Attended from Camden,,,,,,,,,,,,1868,﻿,﻿,﻿Newark,Newark
﻿new.nj.0033,﻿church,﻿Church of the Madonna,English,﻿Parochial school connected,,,﻿Bergen County,,﻿Fort Lee,﻿Fort Lee,﻿NJ,,40.850846,-73.975008,,,,,﻿Rev.,﻿P. Cody,,,,,,,,1868,﻿,﻿,﻿Newark,Newark
﻿new.nj.0034,﻿church,﻿Immaculate Conception,English,,,,﻿Sussex County,,﻿Franklin Furnace,﻿Franklin,﻿NJ,,41.122041,-74.580438,﻿new.nj.0070,﻿Attended from Newton,,,,,,,,,,,,1868,﻿,﻿,﻿Newark,Newark
﻿new.nj.0035,﻿church,﻿St. Mary Magdalen de Pazzi,English,,,,﻿Hunterdon County,,﻿Flemington,﻿Flemington,﻿NJ,,40.512326,-74.859332,﻿new.nj.0053,﻿Attended from Lambertville,,,,,,,,,,,,1868,﻿,﻿,﻿Newark,Newark
﻿new.nj.0036,﻿church,﻿St. Rose of Lima,English,,,,﻿Monmouth County,,﻿Freehold,﻿Freehold,﻿NJ,,40.258085,-74.274816,﻿new.nj.0085,﻿Attended from Princeton,,,,,,,,,,,,1868,﻿,﻿,﻿Newark,Newark
﻿new.nj.0038,﻿church,﻿St. Mary's,English,﻿Parochial school connected,,,﻿Camden County,,﻿Gloucester,﻿Gloucester,﻿NJ,,39.89178,-75.116286,,,,,﻿Rev.,﻿James Daly,,,,,,,,1868,﻿,﻿,﻿Newark,Newark
﻿new.nj.0039,﻿church,﻿St. Paul's,English,,,,﻿Hudson County,,﻿Greenville,﻿Greenville,﻿NJ,,40.70178,-74.09246,﻿new.nj.0015,﻿Attended from Bergen Point,,,,,,,,,,,,1868,﻿,﻿,﻿Newark,Newark
﻿new.nj.0040,﻿church,﻿St. Joseph's,English,,,,﻿Hudson County,,﻿Guttenberg,﻿Guttenberg,﻿NJ,,40.792045,-74.00375,,"﻿Attended from the Monastery, West Hoboken",,,,,,,,,,,,1868,﻿,﻿,﻿Newark,Newark
﻿new.nj.0041,﻿church,﻿Holy Trinity,English,,,,﻿Bergen County,,﻿Hackensack,﻿Hackensack,﻿NJ,,40.885933,-74.043474,,﻿Attended from Fort Lee,,,,,,,,,,,,1868,﻿,﻿,﻿Newark,Newark
﻿new.nj.0042,﻿church,﻿Assumption B.V.M.,English,,,,﻿Warren County,,﻿Hackettstown,﻿Hackettstown,﻿NJ,,40.853988,-74.829055,﻿new.nj.0070,﻿Attended from Newton,,,,,,,,,,,,1868,﻿,﻿,﻿Newark,Newark
﻿new.nj.0043,﻿church,﻿Our Lady of Grace,English,﻿Parochial school connected,,,﻿Hudson County,,﻿Hoboken,﻿Hoboken,﻿NJ,,40.74218,-74.033456,,,,,﻿Rev.,﻿Anthony Cauvin,,,,,,,,1868,﻿,﻿,﻿Newark,Newark
﻿new.nj.0043,﻿church,﻿Our Lady of Grace,English,﻿Parochial school connected,,,﻿Hudson County,,﻿Hoboken,﻿Hoboken,﻿NJ,,40.74218,-74.033456,,,,,﻿Rev.,﻿Daniel J. Fisher,,,,,,,,1868,﻿,﻿,﻿Newark,Newark
﻿new.nj.0044,﻿church,﻿St. Luke's,English,,,,﻿Bergen County,,﻿Hohokus,﻿Ho-Ho-Kus,﻿NJ,,40.996486,-74.101253,﻿new.nj.0075,﻿Attended from Paterson,,,,,,,,,,,,1868,﻿,﻿,﻿Newark,Newark
﻿new.nj.0045,﻿church,﻿St. Joseph's,English,﻿Parochial school connected,,,﻿Hudson County,,﻿Hudson City,﻿Jersey City,﻿NJ,,40.73116,-74.058274,,,,,﻿Rev.,﻿Aloysius Venuta,,,,,,,,1868,﻿,﻿,﻿Newark,Newark
﻿new.nj.0047,﻿church,﻿St. Peter's,English,﻿Parochial school connected,,,﻿Hudson County,,﻿Jersey City,﻿Jersey City,﻿NJ,,40.715963,-74.043965,,,,,﻿Rev.,﻿Patrick Corrigan,,,,,,,,1868,﻿,﻿,﻿Newark,Newark
﻿new.nj.0047,﻿church,﻿St. Peter's,English,﻿Parochial school connected,,,﻿Hudson County,,﻿Jersey City,﻿Jersey City,﻿NJ,,40.715963,-74.043965,,,,,﻿Rev.,﻿J. Morris,,,,,,,,1868,﻿,﻿,﻿Newark,Newark
﻿new.nj.0048,﻿church,﻿St. Mary's (Immaculate Conception),English,﻿Parochial school connected,,,﻿Hudson County,,﻿Jersey City,﻿Jersey City,﻿NJ,,40.722586,-74.043876,,,,,﻿Rev.,﻿L. D. Senez,,,,,,,,1868,﻿,﻿,﻿Newark,Newark
﻿new.nj.0048,﻿church,﻿St. Mary's (Immaculate Conception),English,﻿Parochial school connected,,,﻿Hudson County,,﻿Jersey City,﻿Jersey City,﻿NJ,,40.722586,-74.043876,,,,﻿p_mcgovern_001,﻿Rev.,﻿Patrick McGovern,,,,,,,,1868,﻿,﻿,﻿Newark,Newark
﻿new.nj.0049,﻿church,﻿St. Boniface's,﻿German,﻿Parochial school connected,,,﻿Hudson County,,﻿Jersey City,﻿Jersey City,﻿NJ,,40.749346,-74.047048,,,,,﻿Rev.,﻿D. Kraus,,,,,,,,1868,﻿,﻿,﻿Newark,Newark
﻿new.nj.0050,﻿church,﻿St. Michael's,English,﻿Parochial school connected,,,﻿Hudson County,,﻿Jersey City,﻿Jersey City,﻿NJ,,40.711706,-74.077354,,,,,﻿Rev.,﻿J. Da Concilio,,,,,,,,1868,﻿,﻿,﻿Newark,Newark
﻿new.nj.0052,﻿church,﻿St. Joseph's,English,,,,﻿Monmouth County,,﻿Keyport,﻿Keyport,﻿NJ,,40.429971,-74.19841,﻿new.nj.0095,﻿Attended from South-Amboy,,,,,,,,,,,,1868,﻿,﻿,﻿Newark,Newark
﻿new.nj.0053,﻿church,﻿St. John Evangelist's,English,﻿Parochial school connected,,,﻿Hunterdon County,,﻿Lambertville,﻿Lambertville,﻿NJ,,40.366716,-74.943482,,,,,﻿Rev.,﻿Hugh Murphy,,,,,,,,1868,﻿,﻿,﻿Newark,Newark
﻿new.nj.0054,﻿church,﻿St. Mary's,English,,,,﻿Monmouth County,,﻿Long Branch,﻿Long Branch,﻿NJ,,40.304278,-73.99236,﻿new.nj.0089,﻿Attended from Red Bank,,,,,,,,,,,,1868,﻿,﻿,﻿Newark,Newark
﻿new.nj.0055,﻿church,﻿St. Francis of Sales,English,,,,﻿Bergen County,,﻿Lodi,﻿Lodi,﻿NJ,,40.875077,-74.080391,,﻿Attended from Paterson,,,,,,,,,,,,1868,﻿,﻿,﻿Newark,Newark
﻿new.nj.0056,﻿church,﻿St. Joseph's,English,,,,﻿Passaic County,,﻿Macopin,﻿Macopin,﻿NJ,,40.857743,-74.175466,﻿new.nj.0075,﻿Attended from Boonton,,,,,,,,,,,,1868,﻿,﻿,﻿Newark,Newark
﻿new.nj.0057,﻿church,﻿St. Vincent's,English,﻿Parochial school connected,,,﻿Morris County,,﻿Madison,﻿Madison,﻿NJ,,40.759823,-74.417097,,,,,﻿Rev.,﻿M. A. Madden,,,,,,,,1868,﻿,﻿,﻿Newark,Newark
﻿new.nj.0058,﻿church,﻿St. Joseph's,English,,,,﻿Morris County,,﻿Mendham,﻿Mendham,﻿NJ,,40.774751,-74.602426,﻿new.nj.0063,﻿Attended from Morristown,,,,,,,,,,,,1868,﻿,﻿,﻿Newark,Newark
﻿new.nj.0060,﻿church,﻿St. Joseph's,English,,,,﻿Somerset County,,﻿Millstone,﻿Millstone,﻿NJ,,40.52921,-74.640043,﻿new.nj.0088,﻿Attended from New-Brunswick,,,,,,,,,,,,1868,﻿,﻿,﻿Newark,Newark
﻿new.nj.0061,﻿church,﻿Immaculate Conception,English,﻿Parochial school connected,,,﻿Essex County,,﻿Montclair,﻿Montclair,﻿NJ,,40.816489,-74.216656,,,,,﻿Rev.,﻿Titus Joslin,,,,,,,,1868,﻿,﻿,﻿Newark,Newark
﻿new.nj.0063,﻿church,﻿Assumption B.V.M.,English,﻿Parochial school connected,,,﻿Morris County,,﻿Morristown,﻿Morristown,﻿NJ,,40.796767,-74.481544,,,,﻿jam_a_darcy_001,﻿Rev.,﻿James D'Arcy,,,,,,,,1868,﻿,﻿,﻿Newark,Newark
﻿new.nj.0064,﻿church,﻿St. Mary Magdalen's,English,﻿Parochial school connected,,,﻿Cumberland County,,﻿Millville,﻿Millville,﻿NJ,,39.403242,-75.041129,,,,,﻿Rev.,﻿Martin Gessner,,,,,,,,1868,﻿,﻿,﻿Newark,Newark
﻿new.nj.0065,﻿church,﻿St. Mary's,English,﻿Parochial school connected,,,﻿Burlington County,,﻿Mount Holly,﻿Mount Holly,﻿NJ,,39.993144,-74.787939,,﻿Attended from Burlington,,,,,,,,,,,,1868,﻿,﻿,﻿Newark,Newark
﻿new.nj.0067,﻿church,﻿St. Peter's,English,﻿Parochial school connected,,,﻿Middlesex County,,﻿New-Brunswick,﻿New Brunswick,﻿NJ,,40.486216,-74.451819,,,,,﻿Rev.,﻿John Rodgers,,,,,,,,1868,﻿,﻿,﻿Newark,Newark
﻿new.nj.0067,﻿church,﻿St. Peter's,English,﻿Parochial school connected,,,﻿Middlesex County,,﻿New-Brunswick,﻿New Brunswick,﻿NJ,,40.486216,-74.451819,,,,,﻿Rev.,﻿M. C. Duggan,,,,,,,,1868,﻿,﻿,﻿Newark,Newark
﻿new.nj.0068,﻿church,﻿St. John the Baptist,﻿German,﻿Parochial school connected,,,﻿Middlesex County,,﻿New-Brunswick,﻿New Brunswick,﻿NJ,,40.486216,-74.451819,,,,,﻿Rev.,﻿Gregory Misdriol,,,,,,,,1868,﻿,﻿,﻿Newark,Newark
﻿new.nj.0069,﻿church,﻿St. Ann's,English,﻿Parochial school connected,,,﻿Hunterdon County,,﻿New-Hampton Junction,﻿Hampton,﻿NJ,,40.707045,-74.956003,,,,﻿p_leonard_001,﻿Rev.,﻿Patrick Leonard,,,,,,,,1868,﻿,﻿,﻿Newark,Newark
﻿new.nj.0070,﻿church,﻿St. Joseph's,English,﻿Parochial school connected,,,﻿Sussex County,,﻿Newton,﻿Newton,﻿NJ,,41.058153,-74.752665,,,,,﻿Rev.,﻿Edward J. McCosker,,,,,,,,1868,﻿,﻿,﻿Newark,Newark
﻿new.nj.0071,﻿church,﻿St. John's,English,﻿Parochial school connected,,,﻿Essex County,,﻿Orange,﻿Orange,﻿NJ,,40.770619,-74.232648,,,,,﻿Rev.,﻿E. M. Hickey,,,,,,,,1868,﻿,﻿,﻿Newark,Newark
﻿new.nj.0073,﻿church,not recorded,English,,,,﻿Warren County,,﻿Oxford Furnace,﻿Oxford,﻿NJ,,40.813257,-74.999813,﻿new.nj.0069,﻿Attended from New-Hampton,,,,,,,,,,,,1868,﻿,﻿,﻿Newark,Newark
﻿new.nj.0075,﻿church,﻿St. John Baptist,English,﻿Parochial school connected,,,﻿Passaic County,,﻿Paterson,﻿Paterson,﻿NJ,,40.912774,-74.172428,,,,,﻿Rev.,﻿William McNulty,,,,,,,,1868,﻿,﻿,﻿Newark,Newark
﻿new.nj.0075,﻿church,﻿St. John Baptist,English,﻿Parochial school connected,,,﻿Passaic County,,﻿Paterson,﻿Paterson,﻿NJ,,40.912774,-74.172428,,,,﻿mic_j_kirwan_001,﻿Rev.,﻿Michael Kirwan,,,,,,,,1868,﻿,﻿,﻿Newark,Newark
﻿new.nj.0075,﻿church,﻿St. John Baptist,English,﻿Parochial school connected,,,﻿Passaic County,,﻿Paterson,﻿Paterson,﻿NJ,,40.912774,-74.172428,,,,﻿leo_g_thebaud_001,﻿Rev.,﻿Leo Thebaud,,,,,,,,1868,﻿,﻿,﻿Newark,Newark
﻿new.nj.0076,﻿church,﻿St. Boniface's,﻿German,﻿Parochial school connected,,,﻿Passaic County,,﻿Paterson,﻿Paterson,﻿NJ,,40.916765,-74.171811,,,,,﻿Rev.,﻿J. J. Schandel,,,,,,,,1868,﻿,﻿,﻿Newark,Newark
﻿new.nj.0079,﻿church,﻿St. Mary's,English,,,,﻿Middlesex County,,﻿Perth Amboy,﻿Perth Amboy,﻿NJ,,40.506772,-74.265423,﻿new.nj.0087,﻿Attended from Rahway,,,,,,,,,,,,1868,﻿,﻿,﻿Newark,Newark
﻿new.nj.0080,﻿church,﻿St. Philip's and St. James',English,﻿Parochial school connected,,,﻿Warren County,,﻿Phillipsburgh,﻿Phillipsburg,﻿NJ,,40.69371,-75.190176,,,,,﻿Rev.,﻿Cornelius O'Reilly,,,,,,,,1868,﻿,﻿,﻿Newark,Newark
﻿new.nj.0081,﻿church,﻿St. Mary's,English,﻿Parochial school connected,,,﻿Union County,,﻿Plainfield,﻿Plainfield,﻿NJ,,40.627708,-74.409422,,,,,﻿Rev.,﻿T. Kieran,,,,,,,,1868,﻿,﻿,﻿Newark,Newark
﻿new.nj.0083,﻿church,﻿St. Elizabeth's,English,,,,﻿Cumberland County,,﻿Port Elizabeth,﻿Port Elizabeth,﻿NJ,,39.311271,-74.982324,﻿new.nj.0064,﻿Attended from Millville,,,,,,,,,,,,1868,﻿,﻿,﻿Newark,Newark
﻿new.nj.0084,﻿church,﻿Assumption B.V.M.,English,,,,﻿Atlantic County,,﻿Pleasant Mills,﻿Hammonton,﻿NJ,,39.636506,-74.802385,﻿new.nj.0022,﻿Attended from Camden,,,,,,,,,,,,1868,﻿,﻿,﻿Newark,Newark
﻿new.nj.0084,﻿church,﻿Assumption B.V.M.,English,,,,﻿Atlantic County,,﻿Pleasant Mills,﻿Hammonton,﻿NJ,,39.636506,-74.802385,﻿phi.pa.0015,"﻿Attended by a German priest from St. Peter's Church, Philadelphia",,,,,,,,,,,,1868,﻿,﻿,﻿Newark,Newark
﻿new.nj.0085,﻿church,﻿St. Paul's,English,﻿Parochial school connected,,,﻿Mercer County,,﻿Princeton,﻿Princeton,﻿NJ,,40.357298,-74.667223,,,,,﻿Rev.,﻿Thomas R. Moran,,,,,,,,1868,﻿,﻿,﻿Newark,Newark
﻿new.nj.0086,﻿church,﻿St. Peter's,English,,,,﻿Burlington County,,﻿Progress,﻿Riverside,﻿NJ,,40.032334,-74.957391,﻿phi.pa.0015,"﻿Attended from St. Peter's, Philadelphia",,,,,,,,,,,,1868,﻿,﻿,﻿Newark,Newark
﻿new.nj.0087,﻿church,﻿St. Mary's,English,﻿Parochial school connected,,,﻿Union County,,﻿Rahway,﻿Rahway,﻿NJ,,40.608159,-74.277647,,,,,﻿Rev.,﻿Thomas Quinn,,,,,,,,1868,﻿,﻿,﻿Newark,Newark
﻿new.nj.0088,﻿church,﻿St. Bernard's,English,﻿Parochial school connected,,,﻿Somerset County,,﻿Raritan,﻿Raritan,﻿NJ,,40.52921,-74.640043,,﻿Attended from Plainfield,,,,,,,,,,,,1868,﻿,﻿,﻿Newark,Newark
﻿new.nj.0089,﻿church,﻿St. James',English,﻿Parochial school connected,,,﻿Monmouth County,,﻿Red Bank,﻿Red Bank,﻿NJ,,40.347054,-74.064306,,,,,﻿Rev.,﻿J. J. Salaun,,,,,,,,1868,﻿,﻿,﻿Newark,Newark
﻿new.nj.0090,﻿church,not recorded,English,,,,﻿Passaic County,,﻿Ringwood,﻿Ringwood,﻿NJ,,41.113429,-74.245425,﻿new.nj.0075,﻿Attended from Paterson,,,,,,,,,,,,1868,﻿,﻿,﻿Newark,Newark
﻿new.nj.0092,﻿church,﻿St. Mary's,English,﻿Parochial school connected,,,﻿Salem County,,﻿Salem,﻿Salem,﻿NJ,,39.570493,-75.471564,,,,,﻿Rev.,﻿Cornelius Cannon,,,,,,,,1868,﻿,﻿,﻿Newark,Newark
﻿new.nj.0093,﻿church,﻿St. Mary's,﻿German,,,,﻿Union County,,﻿Scotch Plains,﻿Scotch Plains,﻿NJ,,40.64004,-74.369018,﻿new.nj.0004,"﻿Attended from St. Mary's, Newark",,,,,,,,,,,,1868,﻿,﻿,﻿Newark,Newark
﻿new.nj.0094,﻿church,﻿St. James',English,,,,﻿Monmouth County,,﻿Snow Hill,﻿Lawnside,﻿NJ,,40.258946,-74.123996,,﻿Attended from Gloucester,,,,,,,,,,,,1868,﻿,﻿,﻿Newark,Newark
﻿new.nj.0095,﻿church,﻿St. Mary's,English,﻿Parochial school connected,,,﻿Middlesex County,,﻿South-Amboy,﻿South Amboy,﻿NJ,,40.477884,-74.290702,,,,,﻿Rev.,﻿John A. Kelly,,,,,,,,1868,﻿,﻿,﻿Newark,Newark
﻿new.nj.0096,﻿church,﻿St. Patrick's,English,,,,﻿,﻿Hudson County,﻿South-Bergen,﻿Jersey City,﻿NJ,,40.714179,-74.072265,﻿new.nj.0045,﻿Attended from Hudson City,,,,,,,,,,,,1868,﻿,﻿,﻿Newark,Newark
﻿new.nj.0097,﻿church,﻿St. Rose of Lima,English,,,,﻿Union County,,﻿Springfield,﻿Springfield,﻿NJ,,40.701694,-74.322215,﻿new.nj.0112,﻿Attended from Seton Hall College,,,,,,,,,,,,1868,﻿,﻿,﻿Newark,Newark
﻿new.nj.0099,﻿church,﻿St. Teresa's,English,,,,﻿Union County,,﻿Summit,﻿Summit,﻿NJ,,40.71569,-74.362222,﻿new.nj.0057,﻿Attended from Madison,,,,,,,,,,,,1868,﻿,﻿,﻿Newark,Newark
﻿new.nj.0100,﻿church,not recorded,English,,,,﻿Sussex County,,﻿Stanhope,﻿Stanhope,﻿NJ,,40.902877,-74.709052,﻿new.nj.0070,﻿Attended from Newton,,,,,,,,,,,,1868,﻿,﻿,﻿Newark,Newark
﻿new.nj.0101,﻿church,﻿St. Joseph's,English,,,,﻿Gloucester County,,﻿Swedesborough,﻿Swedesboro,﻿NJ,,39.747614,-75.310465,﻿new.nj.0092,﻿Attended from Salem,,,,,,,,,,,,1868,﻿,﻿,﻿Newark,Newark
﻿new.nj.0102,﻿church,﻿St. John Baptist,English,﻿Parochial school connected,,,﻿Mercer County,,﻿Trenton,﻿Trenton,﻿NJ,,40.220582,-74.759717,,,,,﻿Rev.,﻿Anthony Smith,,,,,,,,1868,﻿,﻿,﻿Newark,Newark
﻿new.nj.0103,﻿church,﻿St. Francis of Assisium,English,﻿Parochial school connected,,,﻿Mercer County,,﻿Trenton,﻿Trenton,﻿NJ,,40.220582,-74.759717,,,,,﻿Rev.,﻿F. Gerber,,,,,,,,1868,﻿,﻿,﻿Newark,Newark
﻿new.nj.0104,﻿church,﻿St. Boniface,English,﻿Parochial school connected,,,﻿Mercer County,,﻿Trenton,﻿Trenton,﻿NJ,,40.220582,-74.759717,,,,,﻿Rev.,﻿F. Gerber,,,,,,,,1868,﻿,﻿,﻿Newark,Newark
﻿new.nj.0107,﻿church,not recorded,English,,,,﻿Sussex County,,﻿Wawayanda,﻿Vernon,﻿NJ,,41.198579,-74.482887,﻿new.nj.0070,﻿Attended from Newton,,,,,,,,,,,,1868,﻿,﻿,﻿Newark,Newark
﻿new.nj.0108,﻿church,﻿Our Lady of Mercy,English,﻿Parochial school connected,,,﻿Hudson County,,﻿West-Hoboken,﻿Union City,﻿NJ,,40.779546,-74.023751,,,,,﻿Rev.,﻿F. Vitalian Lilla,,,,,,,,1868,﻿,﻿,﻿Newark,Newark
﻿new.nj.0109,﻿church,﻿Our Lady of Mercy,English,,,,﻿Morris County,,﻿Whippany,﻿Whippany,﻿NJ,,40.820369,-74.416739,﻿new.nj.0057,﻿Attended from Madison,,,,,,,,,,,,1868,﻿,﻿,﻿Newark,Newark
﻿new.nj.0111,﻿church,﻿St. Patrick's,English,,,,﻿Gloucester County,,﻿Woodbury,﻿Woodbury,﻿NJ,,39.838169,-75.152677,﻿new.nj.0038,﻿Attended from Gloucester,,,,,,,,,,,,1868,﻿,﻿,﻿Newark,Newark
﻿new.nj.0112,﻿college,﻿Seton Hall College,English,﻿The Diocesan Seminary is attached to the College,,,,﻿Essex County,﻿South-Orange,﻿South Orange,﻿NJ,,40.743084,-74.246082,,,,,﻿Very Rev.,﻿B. J. McQuaid,,"﻿V.G., President",,,,,,1868,﻿,﻿,﻿Newark,Newark
﻿new.nj.0112,﻿college,﻿Seton Hall College,English,﻿The Diocesan Seminary is attached to the College,,,,﻿Essex County,﻿South-Orange,﻿South Orange,﻿NJ,,40.743084,-74.246082,,,,,﻿Rev.,﻿M. A. Corrigan,﻿D.D.,,,,,,,1868,﻿,﻿,﻿Newark,Newark
﻿new.nj.0112,﻿college,﻿Seton Hall College,English,﻿The Diocesan Seminary is attached to the College,,,,﻿Essex County,﻿South-Orange,﻿South Orange,﻿NJ,,40.743084,-74.246082,,,,,﻿Rev.,﻿W. J. Wiseman,,,,,,,,1868,﻿,﻿,﻿Newark,Newark
﻿new.nj.0112,﻿college,﻿Seton Hall College,English,﻿The Diocesan Seminary is attached to the College,,,,﻿Essex County,﻿South-Orange,﻿South Orange,﻿NJ,,40.743084,-74.246082,,,,﻿j_j_connelly_001,﻿Rev.,﻿J. J. Connolly,,,,,,,,1868,﻿,﻿,﻿Newark,Newark
﻿new.nj.0112,﻿college,﻿Seton Hall College,English,﻿The Diocesan Seminary is attached to the College,,,,﻿Essex County,﻿South-Orange,﻿South Orange,﻿NJ,,40.743084,-74.246082,,,,,﻿Rev.,﻿James Corrigan,,,,,,,,1868,﻿,﻿,﻿Newark,Newark
﻿new.nj.0112,﻿college,﻿Seton Hall College,English,﻿The Diocesan Seminary is attached to the College,,,,﻿Essex County,﻿South-Orange,﻿South Orange,﻿NJ,,40.743084,-74.246082,,,,,﻿Rev.,﻿Pierce McCarthy,,,,,,,,1868,﻿,﻿,﻿Newark,Newark
﻿new.nj.0142,﻿college,﻿Benedictine Priory,English,,,,﻿Gloucester County,﻿Essex County,﻿Newark,﻿Newark,﻿NJ,,40.743073,-74.186102,,,,,﻿Rev.,﻿Romanus Hill,﻿O.S.B.,﻿Prior,,﻿layperson,﻿two lay brothers,,,1868,﻿,﻿,﻿Newark,Newark
﻿new.nj.0142,﻿college,﻿Benedictine Priory,English,,,,﻿Gloucester County,﻿Essex County,﻿Newark,﻿Newark,﻿NJ,,40.743073,-74.186102,,,,,﻿Rev.,﻿Bruno Reiss,﻿O.S.B.,,,﻿layperson,﻿two lay brothers,,,1868,﻿,﻿,﻿Newark,Newark
﻿new.nj.0142,﻿college,﻿Benedictine Priory,English,,,,﻿Gloucester County,﻿Essex County,﻿Newark,﻿Newark,﻿NJ,,40.743073,-74.186102,,,,,﻿Rev.,﻿Bernardine Dolweck,﻿O.S.B.,,,﻿layperson,﻿two lay brothers,,,1868,﻿,﻿,﻿Newark,Newark
﻿new.nj.0142,﻿college,﻿Benedictine Priory,English,,,,﻿Gloucester County,﻿Essex County,﻿Newark,﻿Newark,﻿NJ,,40.743073,-74.186102,,,,,﻿Rev.,﻿William Walter,﻿O.S.B.,,,﻿layperson,﻿two lay brothers,,,1868,﻿,﻿,﻿Newark,Newark
﻿new.nj.0113,﻿monastery,﻿St. Michael's Retreat (Passionist Monastery),English,,,,﻿Hudson County,﻿Hudson County,﻿West Hoboken,﻿West Hoboken,﻿NJ,,40.743991,-74.032363,,,,,﻿Very Rev. Father,﻿Anthony Calandri,,﻿Provincial,,﻿student,﻿there are 6 students of theology,,,1868,﻿,﻿,﻿Newark,Newark
﻿new.nj.0113,﻿monastery,﻿St. Michael's Retreat (Passionist Monastery),English,,,,﻿Hudson County,﻿Hudson County,﻿West Hoboken,﻿West Hoboken,﻿NJ,,40.743991,-74.032363,,,,,﻿Very Rev. Father,﻿Albinus Magno,,﻿Prov. Consultor,,﻿layperson,﻿8 lay brothers,,,1868,﻿,﻿,﻿Newark,Newark
﻿new.nj.0113,﻿monastery,﻿St. Michael's Retreat (Passionist Monastery),English,,,,﻿Hudson County,﻿Hudson County,﻿West Hoboken,﻿West Hoboken,﻿NJ,,40.743991,-74.032363,,,,,﻿Very Rev.,﻿John B. Baudinelli,,﻿Rector,,﻿layperson,﻿8 lay brothers,,,1868,﻿,﻿,﻿Newark,Newark
﻿new.nj.0113,﻿monastery,﻿St. Michael's Retreat (Passionist Monastery),English,,,,﻿Hudson County,﻿Hudson County,﻿West Hoboken,﻿West Hoboken,﻿NJ,,40.743991,-74.032363,,,,,﻿Rev. Father,﻿Liberatus Bonelli,,﻿Vice-Rector,,﻿layperson,﻿8 lay brothers,,,1868,﻿,﻿,﻿Newark,Newark
﻿new.nj.0113,﻿monastery,﻿St. Michael's Retreat (Passionist Monastery),English,,,,﻿Hudson County,﻿Hudson County,﻿West Hoboken,﻿West Hoboken,﻿NJ,,40.743991,-74.032363,,,,﻿sta_parizyk_001,﻿Rev. Father,﻿Stanislaus Parzezek,,,,﻿layperson,﻿8 lay brothers,,,1868,﻿,﻿,﻿Newark,Newark
﻿new.nj.0113,﻿monastery,﻿St. Michael's Retreat (Passionist Monastery),English,,,,﻿Hudson County,﻿Hudson County,﻿West Hoboken,﻿West Hoboken,﻿NJ,,40.743991,-74.032363,,,,,﻿Rev. Father,﻿Dominick Tarlattini,,,,﻿layperson,﻿8 lay brothers,,,1868,﻿,﻿,﻿Newark,Newark
﻿new.nj.0113,﻿monastery,﻿St. Michael's Retreat (Passionist Monastery),English,,,,﻿Hudson County,﻿Hudson County,﻿West Hoboken,﻿West Hoboken,﻿NJ,,40.743991,-74.032363,,,,﻿j_p_baudinelli_001,﻿Rev. Father,﻿John Philip Baudinelli,,﻿Professor of Theology,,﻿layperson,﻿8 lay brothers,,,1868,﻿,﻿,﻿Newark,Newark
﻿new.nj.0113,﻿monastery,﻿St. Michael's Retreat (Passionist Monastery),English,,,,﻿Hudson County,﻿Hudson County,﻿West Hoboken,﻿West Hoboken,﻿NJ,,40.743991,-74.032363,,,,,﻿Rev. Father,﻿Idelfonsus,,,,﻿layperson,﻿8 lay brothers,,,1868,﻿,﻿,﻿Newark,Newark
﻿new.nj.0113,﻿monastery,﻿St. Michael's Retreat (Passionist Monastery),English,,,,﻿Hudson County,﻿Hudson County,﻿West Hoboken,﻿West Hoboken,﻿NJ,,40.743991,-74.032363,,,,,﻿Rev. Father,﻿Telesforus,,,,﻿layperson,﻿8 lay brothers,,,1868,﻿,﻿,﻿Newark,Newark
﻿new.nj.0113,﻿monastery,﻿St. Michael's Retreat (Passionist Monastery),English,,,,﻿Hudson County,﻿Hudson County,﻿West Hoboken,﻿West Hoboken,﻿NJ,,40.743991,-74.032363,,,,,﻿Rev. Father,﻿Arcangelo,,,,﻿layperson,﻿8 lay brothers,,,1868,﻿,﻿,﻿Newark,Newark
﻿new.nj.0113,﻿monastery,﻿St. Michael's Retreat (Passionist Monastery),English,,,,﻿Hudson County,﻿Hudson County,﻿West Hoboken,﻿West Hoboken,﻿NJ,,40.743991,-74.032363,,,,﻿vin_nayler_001,﻿Rev. Father,﻿Vincent,,,,﻿layperson,﻿8 lay brothers,,,1868,﻿,﻿,﻿Newark,Newark
﻿new.nj.0113,﻿monastery,﻿St. Michael's Retreat (Passionist Monastery),English,,,,﻿Hudson County,﻿Hudson County,﻿West Hoboken,﻿West Hoboken,﻿NJ,,40.743991,-74.032363,,,,,﻿Rev. Father,﻿Vitalian,,,,﻿layperson,﻿8 lay brothers,,,1868,﻿,﻿,﻿Newark,Newark
﻿new.nj.0001_02,﻿house,﻿House of Brothers of the Christian Schools,English,﻿they have charge of the boys' parochial schools,﻿attached to the Cathedral,,,﻿Essex County,﻿Newark,﻿Newark,﻿NJ,,40.742097,-74.172314,,,,,﻿Brother,﻿Gustavus,,﻿Director,,﻿religious,﻿four Brothers,,,1868,﻿,﻿,﻿Newark,Newark
﻿new.nj.0144,﻿house,﻿House of Franciscan Brothers,English,﻿the Brothers teach the boys' school,﻿St. Patrick's Church,,,﻿Union County,﻿Elizabeth,﻿Elizabeth,﻿NJ,,,,,,,,﻿Brother,﻿Benedict,,,,﻿religious,﻿2 brothers,,,1868,﻿,﻿,﻿Newark,Newark
﻿new.nj.0116,﻿house,﻿Mother-House of the Sisters of Charity,English,﻿they direct 17 different establishments,,,,﻿Morris County,﻿Madison,﻿Madison,﻿NJ,,40.759823,-74.417097,,,,,﻿Mother,﻿M. Xavier,,﻿Superioress,,﻿member,﻿The Community numbers about 120 members,,,1868,﻿,﻿,﻿Newark,Newark
﻿new.nj.0116,﻿house,﻿Mother-House of the Sisters of Charity,English,﻿they direct 17 different establishments,,,,﻿Morris County,﻿Madison,﻿Madison,﻿NJ,,40.759823,-74.417097,,,,,﻿Monsignor,﻿Seton,﻿D.D.,"﻿Chaplain, Protonotary Apostolic",,﻿member,﻿The Community numbers about 120 members,,,1868,﻿,﻿,﻿Newark,Newark
﻿new.nj.0117,﻿academy,﻿St. Elizabeth's Academy for Girls,English,,,,,﻿Morris County,﻿Madison,﻿Madison,﻿NJ,,40.779636,-74.439636,,,,,,,,,,﻿student,﻿80 pupils,,,1868,﻿,﻿,﻿Newark,Newark
﻿new.nj.0118,﻿school,﻿St. Joseph's Preparatory Boarding-School for Boys,English,,,,,﻿Morris County,﻿Madison,﻿Madison,﻿NJ,,40.759823,-74.417097,,,,,,,,,,﻿student,﻿40 pupils,,,1868,﻿,﻿,﻿Newark,Newark
﻿new.nj.0119,﻿asylum,﻿St. Mary's Orphan Asylum,English,"﻿for boys and girls, under the charge of the Sisters of Charity; by the large addition just completed, provision is made for both departments in the two wings of the same building",﻿South-Orange road,,,﻿Essex County,,﻿Newark,﻿NJ,,40.748928,-74.26099,,,,,﻿Sister,﻿Mary Martha,,﻿Sister-Servant,,﻿child,﻿172 orphans,,,1868,﻿,﻿,﻿Newark,Newark
﻿new.nj.0145,﻿hospital,﻿St. Mary's Hospital,English,﻿in charge of the Sisters of Charity,,,,﻿Essex County,﻿Newark,﻿Newark,﻿NJ,,,,,,,,﻿Sister,﻿Mary Austin,,﻿Sister-Servant,,,,,,1868,﻿,﻿,﻿Newark,Newark
﻿new.nj.0121,﻿academy,﻿St. Mary's Academy,English,"﻿in charge of the Sisters of Charity, who also teach the parochial schools at the Cathedral, at St. Joseph's, and St. Pius'",,,,﻿Essex County,﻿Newark,﻿Newark,﻿NJ,,40.735657,-74.172367,,,,,﻿Sister,﻿Juliana,,﻿Sister-Servant,,,,,,1868,﻿,﻿,﻿Newark,Newark
﻿new.nj.0122,﻿asylum,﻿Orphan Asylum,English,"﻿for girls, under the charge of the Sisters of Charity, who also teach the parochial schools",,,,﻿Passaic County,﻿Paterson,﻿Paterson,﻿NJ,,40.916765,-74.171811,,,,,﻿Sister,﻿Mary Baptista,,﻿Sister-Servant,,,,,,1868,﻿,﻿,﻿Newark,Newark
﻿new.nj.0123,﻿hospital,﻿St. Joseph's Hospital,English,,,,,﻿Passaic County,﻿Paterson,﻿Paterson,﻿NJ,,40.902767,-74.165627,,,,,﻿Sister,﻿Anna Cecilia,,﻿Sister-Servant,,,,,,1868,﻿,﻿,﻿Newark,Newark
﻿new.nj.0124,﻿institute,﻿St. Agnes' Academic Institute,English,,,,,﻿Passaic County,﻿Paterson,﻿Paterson,﻿NJ,,40.903073,-74.167183,,,,,﻿Sister,﻿Mary Catharine,,﻿Sister-Servant,,,,,,1868,﻿,﻿,﻿Newark,Newark
﻿new.nj.0047_02,﻿house,﻿House of the Sisters of Charity,English,﻿they direct a select school and the girls' parochial school,﻿attached to St. Peter's Church,,,﻿Hudson County,﻿Jersey City,﻿Jersey City,﻿NJ,,40.715963,-74.043965,,,,,﻿Sister,﻿Mary Genevieve,,﻿Sister-Servant,,,,,,1868,﻿,﻿,﻿Newark,Newark
﻿new.nj.0048_02,﻿house,﻿House of the Sisters of Charity,English,"﻿The Sisters have charge of the schools of the parish, and of the Orphan Asylum",﻿attached to St. Mary's Church,,,﻿Hudson County,﻿Jersey City,﻿Jersey City,﻿NJ,,40.722586,-74.043876,,,,,﻿Sister,﻿Basilia,,﻿Sister-Servant,,,,,,1868,﻿,﻿,﻿Newark,Newark
﻿new.nj.0102_02,﻿house,﻿House of the Sisters of Charity,English,﻿The Sisters have charge of the schools of the parish and Orphan Asylum,﻿attached to St. John's Church,,,﻿Mercer County,﻿Trenton,﻿Trenton,﻿NJ,,40.220582,-74.759717,,,,,﻿Sister,﻿Mary Gertrude,,﻿Sister-Servant,,,,,,1868,﻿,﻿,﻿Newark,Newark
﻿new.nj.0043_02,﻿house,﻿House of the Sisters of Charity,English,﻿The Sisters direct the school,﻿attached to the Church of Our Lady,,,﻿Hudson County,﻿Hoboken,﻿Hoboken,﻿NJ,,40.74218,-74.033456,,,,,﻿Sister,﻿Veronica,,﻿Sister-Servant,,,,,,1868,﻿,﻿,﻿Newark,Newark
﻿new.nj.0045_02,﻿house,﻿House of the Sisters of Charity,English,﻿The Sisters have charge of the Schools of the Parish,﻿attached to St. Joseph's Church,,,﻿Hudson County,﻿Hudson City,﻿Hudson City,﻿NJ,,40.73116,-74.058274,,,,,﻿Sister,﻿Aloysia,,﻿Sister-Servant,,,,,,1868,﻿,﻿,﻿Newark,Newark
﻿new.nj.0071_02,﻿house,﻿House of the Sisters of Charity,English,﻿The Sisters have charge of the schools,﻿attached to St. John's Church,,,﻿Essex County,﻿Orange,﻿Orange,﻿NJ,,40.770619,-74.232648,,,,,﻿Sister,﻿Mary Jerome,,﻿Sister-Servant,,,,,,1868,﻿,﻿,﻿Newark,Newark
﻿new.nj.0032_02,﻿house,﻿House of the Sisters of Charity,English,,﻿attached to St. Patrick's Church,,,﻿Union County,﻿Elizabethport,﻿Elizabethport,﻿NJ,,40.652315,-74.186709,,,,,﻿Sister,﻿Mary Ursula,,﻿Sister-Servant,,,,,,1868,﻿,﻿,﻿Newark,Newark
﻿new.nj.0112_02,﻿house,﻿House of the Sisters of Charity,English,﻿The Sisters have charge of the domestic arrangements of the College,﻿attached to Seton Hall College,,,﻿Essex County,﻿South-Orange,﻿South Orange,﻿NJ,,40.743084,-74.246082,,,,,﻿Sister,﻿M. Thais,,﻿Sister-Servant,,,,,,1868,﻿,﻿,﻿Newark,Newark
﻿new.nj.0135,﻿convent,﻿St. Scholastica's Convent,English,"﻿Benedictine nuns. 17 religious, who direct a select school, and St. Mary's Parish school",,,,﻿Essex County,﻿Newark,﻿Newark,﻿NJ,,40.720247,-74.166215,,,,,﻿Mother,﻿Philomena,,﻿Prioress,,﻿religious,﻿17 religious,,,1868,﻿,﻿,﻿Newark,Newark
﻿new.nj.0031_02,﻿convent,not recorded,English,"﻿3 Religious, teaching the schools",﻿attached to St. Michael's Church,,,﻿Union County,﻿Elizabeth,﻿Elizabeth,﻿NJ,,40.661206,-74.203219,,,,,﻿Sister,﻿Walburga Hock,,﻿Superioress,,﻿religious,﻿3 religious,,,1868,﻿,﻿,﻿Newark,Newark
﻿new.nj.0137,﻿convent,﻿Convent of Sisters of Notre Dame,English,﻿The Sisters teach in the parochial school of St. Peter's Church,,,,﻿Essex County,﻿Newark,﻿Newark,﻿NJ,,40.735657,-74.172367,,,,,﻿Sister,﻿Severine,,﻿Superior,,,,,,1868,﻿,﻿,﻿Newark,Newark
﻿new.nj.0138,﻿hospital,﻿St. Mary's Hospital,English,"﻿under charge of the Sisters of the Poor of St. Francis. 50 beds.  the Sisters in all these place take care of out-door patients, and relieve, to the extent of their ability, the wants of the poor.",,,,﻿Hudson County,﻿Hoboken,﻿Hoboken,﻿NJ,,40.740946,-74.033332,,,,,﻿Sister,﻿Afra,,﻿Superior,,﻿religious,﻿14 religious,,,1868,﻿,﻿,﻿Newark,Newark
﻿new.nj.0139,﻿hospital,﻿Hospital of the Immaculate Heart of Mary,English,"﻿Sisters of the Poor; 17 beds.  the Sisters in all these place take care of out-door patients, and relieve, to the extent of their ability, the wants of the poor.",﻿St. Mary's Parish,,,﻿Hudson County,﻿Jersey City,﻿Jersey City,﻿NJ,,40.717755,-74.043143,,,,,﻿Sister,﻿Columba,,﻿Superior,,﻿religious,﻿8 religious,,,1868,﻿,﻿,﻿Newark,Newark
﻿new.nj.0140,﻿hospital,﻿Hospital of St. Michael the Archangel,English,"﻿Sisters of the Poor of St. Francis. 13 beds.  the Sisters in all these place take care of out-door patients, and relieve, to the extent of their ability, the wants of the poor.",﻿Cathedral Parish,,,﻿Essex County,﻿Newark,﻿Newark,﻿NJ,,40.735657,-74.172367,,,,,﻿Sister,﻿Monica,,﻿Superior,,﻿religious,﻿6 religious,,,1868,﻿,﻿,﻿Newark,Newark
﻿new.nj.0141,﻿institute,﻿Catholic Institute,English,"﻿Built for the use of the Young Man's Catholic Association. It comprises a library, a lecture-hall, a reading-room, a book-store, a ball-court, a gymnasium, a billiard-room, and a music-room",﻿New Street,,,﻿Essex County,﻿Newark,﻿Newark,﻿NJ,,40.743408,-74.180568,,,,﻿geo_h_doane_001,﻿Rev.,﻿G. H. Doane,,﻿President,,,,,,1868,﻿,﻿,﻿Newark,Newark
